id,name,genre,year
"tt0000335,Soldiers of the Cross,""Biography,Drama"",1900"
"tt0000574,The Story of the Kelly Gang,""Biography,Crime,Drama"",1906"
tt0000615,Robbery Under Arms,Drama,1907
tt0000630,Hamlet,Drama,1908
tt0000675,Don Quijote,Drama,1908
tt0000676,Don Álvaro o la fuerza del sino,Drama,1908
"tt0000679,The Fairylogue and Radio-Plays,""Adventure,Fantasy"",1908"
tt0000739,El pastorcito de Torrente,Drama,1908
tt0000793,Andreas Hofer,Drama,1909
"tt0000886,""Hamlet, Prince of Denmark"",Drama,1910"
tt0000941,Locura de amor,Drama,1909
tt0001028,Salome Mad,Comedy,1909
"tt0001049,Gøngehøvdingen,""Drama,War"",1909"
tt0001059,O Terremoto de Benavente,Documentary,1909
tt0001112,Amleto,Drama,1910
tt0001115,Ansigttyven I,Crime,1910
tt0001147,O Centenário da Guerra Peninsular,Documentary,1910
tt0001163,Corrida da Rampa,Documentary,1910
"tt0001175,Camille,""Drama,Romance"",1912"
"tt0001184,Don Juan de Serrallonga,""Adventure,Drama"",1910"
tt0001240,Hamlet,Drama,1911
tt0001258,The White Slave Trade,Drama,1910
tt0001277,Kapergasten,Drama,1910
"tt0001285,The Life of Moses,""Biography,Drama,Family"",1909"
tt0001338,A Night in May,Drama,1910
tt0001341,Jarní sen starého mládence,Comedy,1913
tt0001359,A Pesca do Bacalhau,Documentary,1910
"tt0001370,Rainha Depois de Morta Inês de Castro,""Drama,History"",1910"
"tt0001381,En rekrut fra 64,""Drama,War"",1910"
tt0001382,Revolução de 5 de Outubro,Documentary,1910
"tt0001440,Valdemar Sejr,""Drama,History"",1910"
"tt0001475,Amor fatal,""Drama,Romance"",1911"
tt0001498,The Battle of Trafalgar,War,1911
tt0001530,The Bushranger's Bride,Drama,1911
tt0001603,Den farlige leg,Drama,1911
tt0001604,The Fatal Wedding,Drama,1911
tt0001731,The Convict Hero,Drama,1911
tt0001785,The Miner's Curse,Drama,1911
"tt0001790,""Les Misérables, Part 1: Jean Valjean"",Drama,1913"
tt0001812,Oedipus Rex,Drama,1911
tt0001826,Par habitude,Comedy,1911
tt0001892,Den sorte drøm,Drama,1911
tt0001895,Sport Hípico,Documentary,1911
"tt0001911,Nell Gwynne,""Biography,Drama,History"",1911"
tt0001914,The Devil's Assistant,Drama,1913
tt0001964,The Traitress,Drama,1911
tt0001993,L'électrocuté,Sci-Fi,1911
tt0001998,The Adventures of Lieutenant Petrosino,Drama,1912;
tt0002001,The Alaska-Siberian Expedition,Documentary,1912;
tt0002022,Anfisa,Drama,1912;
"tt0002026,Anny - Story of a Prostitute,""Drama,Romance"",1912";
tt0002039,Atop of the World in Motion,Documentary,1912;
tt0002047,A Batalha,Documentary,1912;
"tt0002101,Cleopatra,""Drama,History"",1912";
tt0002112,Concurso Hípico no Porto,Documentary,1912;
"tt0002130,Dante's Inferno,""Adventure,Drama,Fantasy"",1911";
tt0002152,Dødskysset,Drama,1915;
tt0002153,The Great Circus Catastrophe,Drama,1912;
tt0002161,Episódios da Terrível Explosão de Bombas no Porto,Documentary,1912;
tt0002163,Eva,Drama,1913;
tt0002186,The Flying Circus,Drama,1912;
"tt0002199,""From the Manger to the Cross";" or, Jesus of Nazareth"",""Biography,Drama"",1912"
tt0002211,Den glade løjtnant,Romance,1912;
tt0002301,Leiria,Documentary,1912
"tt0002305,Life of Villa,""Documentary,War"",1912"
tt0002361,The Midnight Wedding,Drama,1912
tt0002405,Oliver Twist,Drama,1912
tt0002406,Oliver Twist,Drama,1912
"tt0002423,Passion,""Biography,Drama,Romance"",1919"
tt0002425,Paul J. Rainey's African Hunt,Documentary,1912
tt0002444,Quincy Adams Sawyer,Comedy,1912
"tt0002445,Quo Vadis?,""Drama,History"",1913"
"tt0002452,The Independence of Romania,""History,War"",1912"
tt0002461,The Life and Death of King Richard III,Drama,1912
tt0002474,Saty delaji cloveka,Comedy,1913
tt0002479,Seal Hunting in Newfoundland,Documentary,1912
tt0002483,The Sergeant's Boy,Drama,1912
tt0002514,Saved in Mid-Air,Drama,1912
"tt0002555,The Last Bohemian,""Drama,Romance"",1913"
"tt0002588,Zigomar contre Nick Carter,""Crime,Thriller"",1912"
tt0002605,The Adventures of Kathlyn,Adventure,1913
"tt0002628,Der Andere,""Drama,Thriller"",1913"
tt0002637,Arizona,Western,1913
tt0002642,The Heir to Skjoldborg,Drama,1914
tt0002646,Atlantis,Drama,1913
tt0002648,Old Brandis' Eyes,Drama,1913
tt0002660,Barbarous Mexico,Documentary,1913
"tt0002669,The Battle of Gettysburg,""Drama,War"",1913"
"tt0002670,The Battle of Shiloh,""Drama,War"",1913"
tt0002676,El bello Arturo,Comedy,1913
tt0002678,Ben Bolt,Adventure,1913
tt0002685,Blodets röst,Drama,1913
tt0002725,Buried Alive in a Coal Mine,Drama,1913
"tt0002746,Checkers,""Comedy,Drama"",1913"
tt0002751,A Chopin Nocturne,Drama,1913
"tt0002767,The Count of Monte Cristo,""Drama,History"",1913";
"tt0002772,The Criminal Path,""Crime,Drama"",1914";
tt0002798,Le dernier pardon,Comedy,1913;
tt0002799,Desastre do Monoplano Gnome na Amadora,Documentary,1913;
tt0002820,East Lynne,Drama,1913;
tt0002822,What 80 Million Women Want,Drama,1913;
tt0002832,Evangeline,Drama,1914;
"tt0002833,Evinrude,""Crime,Drama"",1914";
"tt0002844,Fantômas: In the Shadow of the Guillotine,""Crime,Drama"",1913";
tt0002857,Uma Ferra em Salvaterra de Magos,Documentary,1913;
tt0002859,The Fight for Millions,Drama,1913;
tt0002885,From Dusk to Dawn,Drama,1913;
tt0002888,Fulano de Tal se enamora de Manón,Comedy,1916;
tt0002889,The Funny Regiment,Short,1913;
"tt0002898,""Germinal";" or, The Toll of Labor"",Drama,1913"
tt0002901,The Girl of the Sunny South,Drama,1913;
tt0002917,Brother Against Brother,Drama,1913
tt0002922,Hamlet,Drama,1913
tt0002973,Dr. Mawson in the Antarctic,Documentary,1913
tt0002977,Za chest' russkogo znameni,Drama,1913
tt0002978,Hoodman Blind,Drama,1913
"tt0002987,""How Fine, How Fresh the Roses Were"",Romance,1913"
tt0002996,My Husband's Getting Married,Comedy,1913
tt0003002,The Firefly,Drama,1913
"tt0003006,In the Bishop's Carriage,""Crime,Drama"",1913"
tt0003008,In the Stretch,Drama,1913
tt0003014,Ingeborg Holm,Drama,1913
"tt0003015,Die Insel der Seligen,""Comedy,Fantasy"",1913"
"tt0003022,Ivanhoe,""Adventure,Drama,Romance"",1913"
tt0003024,Jack London's Adventures in the South Sea Islands,Documentary,1913
"tt0003037,Fantomas: The Man in Black,""Crime,Drama"",1913"
tt0003039,The Keys to Happiness,Drama,1913
tt0003042,Kleiner Svend und seine Mutter,Drama,1913
tt0003048,A Lady of Quality,Drama,1913
"tt0003056,Leah Kleschna,""Crime,Drama"",1913"
tt0003058,The Legend of Provence,Drama,1913
tt0003069,Lille Klaus og store Klaus,Comedy,1913
"tt0003070,The Lipton Cup: Introducing Sir Thomas Lipton,""Drama,Sport"",1913"
tt0003076,Livets konflikter,Drama,1913
tt0003084,The Lotus Dancer,Drama,1913
tt0003098,The Lure of New York,Drama,1913
tt0003102,Love Everlasting,Drama,1914
"tt0003108,Macbeth,""Crime,Drama"",1913"
tt0003116,The Man from the Golden West,Western,1913
"tt0003131,War Is Hell,""Drama,War"",1914"
tt0003139,Mexican War Pictures,Documentary,1913
tt0003140,Mexican War Pictures,Documentary,1913
tt0003150,Miraklet,Drama,1913
"tt0003159,""Les Misérables, Part 2: Fantine"",Drama,1913";
"tt0003165,Fantômas: The Dead Man Who Killed,""Crime,Drama,Mystery"",1913";
"tt0003167,""Home, Sweet Home"",Drama,1914";
tt0003171,Moths,Drama,1913;
"tt0003227,""The Girl from Abroad";" or, The Great Underworld"",Drama,1913"
"tt0003241,One Hundred Years of Mormonism,""Drama,History"",1913";
"tt0003267,""The Pendleton, Oregon, Round-Up"",Documentary,1913";
tt0003287,Pommy Arrives in Australia,Comedy,1913;
tt0003289,The Port of Doom,Drama,1913;
"tt0003298,A Princess of Bagdad,""Drama,Fantasy"",1913";
tt0003299,A Prisoner in the Harem,Drama,1913;
tt0003301,The Prisoner of Zenda,Adventure,1913;
tt0003306,På livets ödesvägar,Drama,1913;
tt0003316,The Rattlesnake,Western,1913;
"tt0003324,A Regiment of Two,""Comedy,Drama"",1913";
"tt0003330,The Life of Richard Wagner,""Biography,Drama,History"",1913";
tt0003334,The Road to Ruin,Drama,1913
tt0003337,Robin Hood,Adventure,1913
tt0003351,Sapho,Drama,1913
tt0003362,The Sea Wolf,Drama,1913
"tt0003363,The Seed of the Fathers,""Drama,War"",1913"
tt0003365,Shadows of the Moulin Rouge,Drama,1913
tt0003366,The Shame of the Empire State,Drama,1913
tt0003367,The Shattered Vase,Drama,1913
tt0003378,A Sister to Carmen,Drama,1913
tt0003379,Sixty Years a Queen,Biography,1913
tt0003386,Sodoms Ende,Drama,1913
tt0003404,The Star of India,Drama,1913
"tt0003414,The Stranglers of Paris,""Crime,Drama"",1913"
"tt0003419,The Student of Prague,""Drama,Fantasy,Horror"",1913"
tt0003438,Ten Nights in a Barroom,Drama,1913
"tt0003442,Tess of the D'Urbervilles,""Drama,Romance"",1913"
tt0003449,The Third Degree,Drama,1913
tt0003464,The Tonopah Stampede for Gold,Western,1913
tt0003469,Tortures Within Prison Walls,Drama,1913
tt0003470,A Tourada dos Casimiros,Documentary,1913
"tt0003471,Traffic in Souls,""Crime,Drama"",1913"
"tt0003489,The Last Days of Pompeii,""Adventure,Drama"",1913"
tt0003506,The Vicar of Wakefield,Drama,1913
tt0003507,The Vicar of Wakefield,Drama,1913
tt0003508,Victory,War,1913
tt0003510,Volunteer Organist,Drama,1913
"tt0003545,Who Will Marry Mary?,""Action,Adventure"",1913"
tt0003565,Where Is Coletti?,Crime,1913
"tt0003584,""The $5,000,000 Counterfeiting Plot"",""Crime,Thriller"",1914"
tt0003587,'Round the World in 80 Days,Adventure,1914
"tt0003589,0-18 or A Message from the Sky,""Crime,Drama"",1914"
tt0003593,Across America by Motor Car,Documentary,1914
"tt0003595,Across the Pacific,""Adventure,Drama,Romance"",1914"
tt0003596,The Active Life of Dolly of the Dailies,Drama,1914
"tt0003598,The Adventures of Andy Clark,""Adventure,Comedy"",1914"
"tt0003599,The Adventures of Buffalo Bill,""Documentary,Western"",1917"
tt0003600,The Adventures of Kitty Cobb,Adventure,1914
tt0003605,After the Ball,Drama,1914
tt0003606,Aftermath,Drama,1914
"tt0003613,Alone in New York,""Crime,Drama"",1914"
tt0003617,America,Adventure,1914
tt0003622,Love of Perdition,Drama,1914
tt0003625,Anna Karenina,Drama,1914
tt0003629,Apuntes de la fiesta de la flor,Documentary,1914
tt0003630,Golddigger,Western,1914
tt0003631,Aristocracy,Drama,1914
tt0003632,Arme Eva,Drama,1916
tt0003634,As Ye Sow,Drama,1914
tt0003637,Assunta Spina,Drama,1915
tt0003639,At the Cross Roads,Drama,1914
"tt0003643,The Avenging Conscience: or 'Thou Shalt Not Kill',""Crime,Drama,Horror"",1914"
tt0003651,Badehotellet,Drama,1915
tt0003654,Bandits of the Border Mine,Drama,1914
tt0003655,The Banker's Daughter,Drama,1914
tt0003657,The Bargain,Western,1914
tt0003663,Battle of Gettysgoat,Comedy,1914
tt0003664,The Battle of Love,Drama,1914
tt0003665,The Battle of the Sexes,Drama,1914
"tt0003668,Beating Back,""Adventure,Biography,Western"",1914"
tt0003670,Behind the Scenes,Drama,1914
tt0003672,La Belle Russe,Drama,1914
tt0003675,The Beloved Adventurer,Adventure,1914
tt0003676,Beneath the Czar,Drama,1914
tt0003677,The Better Man,Drama,1914
tt0003685,Det blaa vidunder,Comedy,1915
tt0003686,The Boer War,Drama,1914
tt0003688,The Book of Nature,Documentary,1914
tt0003689,Born Again,Drama,1914
tt0003692,The Boundary Rider,Adventure,1914
tt0003693,A Boy and the Law,Drama,1914
tt0003698,Brewster's Millions,Comedy,1914
tt0003724,In the Days of the Thundering Herd,Western,1914
"tt0003730,The Burglar and the Lady,""Crime,Drama"",1914"
"tt0003731,Burning Daylight: The Adventures of 'Burning Daylight' in Alaska,""Adventure,Drama"",1914"
tt0003732,Burning Daylight: The Adventures of 'Burning Daylight' in Civilization,Drama,1914
tt0003736,C.O.D.,Comedy,1914
tt0003737,Cabalgata de los mercados en Barcelona,Documentary,1914
"tt0003740,Cabiria,""Adventure,Drama,History"",1914"
tt0003742,Calatayud en fiestas,Documentary,1914
"tt0003743,The Call of the North,""Adventure,Drama"",1914"
tt0003744,Called Back,Drama,1914;
"tt0003747,Cameo Kirby,""Action,Drama,Romance"",1914";
tt0003748,Captain Alvarez,Drama,1914;
tt0003749,The Captain Besley Expedition,Documentary,1914;
tt0003752,Captain Swift,Drama,1914;
tt0003754,The Capture of a Sea Elephant and Hunting Wild Game in the South Pacific Islands,Documentary,1914;
tt0003756,Cardinal Richelieu's Ward,Drama,1914;
tt0003757,Catástrofe de Aguilón,Documentary,1914;
tt0003761,A Celebrated Case,Drama,1914;
"tt0003763,Charlotte Corday,""Drama,History"",1914";
tt0003765,The Chechako,Drama,1914;
"tt0003768,The Chimes,""Drama,Fantasy"",1914";
tt0003771,The Christian,Drama,1914;
"tt0003772,Cinderella,""Drama,Fantasy"",1914";
tt0003774,The Circus Man,Drama,1914;
"tt0003779,""Cocaine Traffic";" Or, The Drug Terror"",Drama,1914"
tt0003780,The Colosseum in Films,Documentary,1914
tt0003790,The Coming Power,Drama,1914
tt0003791,Common Beasts of Africa,Documentary,1914
"tt0003792,The Conspiracy,""Drama,Mystery"",1914"
tt0003798,The Country Mouse,Comedy,1914
"tt0003799,The County Chairman,""Comedy,Drama"",1914"
tt0003802,The Criminal Code,Drama,1914
"tt0003804,The Crucible,""Drama,Romance"",1914"
tt0003808,La cueva vengadora,Drama,1914
tt0003815,Damaged Goods,Drama,1914
tt0003816,Damon and Pythias,Drama,1914
"tt0003817,Dan,""Drama,War"",1914"
tt0003820,The Dancer and the King,Drama,1914
tt0003825,The Daughters of Men,Drama,1914
"tt0003830,Detective Craig's Coup,""Crime,Drama"",1914"
tt0003831,The Detective Queen,Drama,1914
tt0003838,The Dishonored Medal,Adventure,1914
tt0003840,Doc,Western,1914
"tt0003854,Dodge City Trail,""Adventure,Music,Western"",1936"
tt0003856,The Dollar Mark,Drama,1914
tt0003859,Dope,Drama,1914
tt0003870,Judge Not,Drama,1914
tt0003871,The Eagle's Mate,Drama,1914
tt0003875,The Education of Mr. Pipp,Comedy,1914
tt0003878,O Embarque das Tropas Expedicionárias para Angola e Moçambique,Documentary,1914
"tt0003883,L'enfant de Paris,""Crime,Drama"",1913"
tt0003884,Engelein,Comedy,1914
tt0003886,Enoch Arden,Drama,1914
tt0003888,The Envoy Extraordinary,Drama,1914
tt0003890,The Escape,Drama,1914
tt0003891,Escaped from Siberia,Drama,1914
tt0003893,Even Unto Death,Drama,1914
tt0003897,The Exploits of Elaine,Action,1914;
tt0003924,Facing the Gattling Guns,Drama,1914;
tt0003925,A Factory Magdalen,Drama,1914;
tt0003929,Fantasma,Fantasy,1914;
"tt0003930,Fantomas: The Mysterious Finger Print,""Crime,Drama"",1914";
"tt0003935,The Fatal Night,""Drama,History"",1914";
tt0003938,The Fates and Flora Fourflush,Comedy,1914;
tt0003955,Fiestas del Coso Blanco en Tarragona,Documentary,1914;
"tt0003957,""A Fight for Freedom";" Or, Exiled to Siberia"",Drama,1914"
tt0003965,Fire and Sword,Adventure,1914;
tt0003967,The Perfect Thirty-Six,Comedy,1914;
tt0003971,The Flooding and Opening of the Panama Canal,Documentary,1914;
tt0003973,A Florida Enchantment,Comedy,1914;
tt0003974,Florida Historic Scenes and Florida in Mid-Winter,Documentary,1914;
tt0003977,The Folly of Revenge,Drama,1916;
"tt0003987,""Forgiven";" Or, The Jack of Diamonds"",Drama,1914"
tt0003988,The Fortune Hunter,Comedy,1914
"tt0003993,The Fringe of War,""Drama,War"",1914"
tt0003994,Frou Frou,Drama,1914
tt0003999,För sin kärleks skull,Drama,1914
tt0004000,The Gamblers,Drama,1914
tt0004003,Gatans barn,Drama,1914
tt0004004,Heilig recht,Drama,1914
tt0004006,A Gentleman from Mississippi,Drama,1914
"tt0004013,The Ghost Breaker,""Adventure,Horror"",1914"
"tt0004022,Julius Caesar,""Drama,History"",1914"
tt0004026,The Golem,Horror,1915
tt0004027,A Good Little Devil,Drama,1914
tt0004031,The Governor's Ghost,Drama,1914
tt0004034,Grandes regatas en Barcelona,Documentary,1914
tt0004037,The Great Diamond Robbery,Drama,1914
"tt0004038,The Great Leap: Until Death Do Us Part,""Drama,Romance"",1914"
"tt0004043,The Greyhound,""Crime,Drama"",1914"
tt0004047,Half Breed,Drama,1913
tt0004049,Hamlet,Drama,1914
tt0004052,The Hazards of Helen,Action,1914
tt0004058,Hearts United,Drama,1914
tt0004061,Hearts and Flowers,Drama,1914
tt0004063,Hearts of Oak,Drama,1914
"tt0004066,Sealed Orders,""Drama,Mystery"",1914"
"tt0004078,Her Luck in London,""Crime,Drama"",1914"
"tt0004095,""His Holiness, the Late Pope Pius X, and the Vatican"",Documentary,1914"
"tt0004097,His Last Dollar,""Comedy,Drama"",1914"
"tt0004099,The New Wizard of Oz,""Adventure,Comedy,Family"",1914"
tt0004112,Hombre o mujer,Comedy,1914
tt0004114,Homenaje a Lanuza,Documentary,1914
tt0004118,The Hoosier Schoolmaster,Drama,1914
"tt0004121,Der Hund von Baskerville,""Crime,Horror,Mystery"",1914"
tt0004125,The House Next Door,Drama,1914
tt0004126,The House of Bondage,Drama,1914
tt0004130,The Human Bloodhound,Drama,1914
tt0004134,Hypocrites,Drama,1915
tt0004136,I kammerherrens klæder,Comedy,1914
"tt0004138,The Idol of Paris,""Crime,Drama"",1914"
tt0004142,Imar the Servitor,Drama,1914
"tt0004150,In the Land of the Head Hunters,""Drama,History"",1914"
tt0004152,In the Name of the Prince of Peace,War,1914
"tt0004155,The Indian Wars,""History,Western"",1914"
tt0004162,La intrusa,Drama,1914
tt0004163,The Invisible Power,Drama,1914
"tt0004164,""Ireland, a Nation"",""Drama,History"",1914"
tt0004167,Jane Eyre,Drama,1914
tt0004169,Jess,Drama,1914
tt0004170,Jess of the Mountain Country,Drama,1914
tt0004175,John Barleycorn,Drama,1914
"tt0004177,""Joliet Prison, Joliet, Ill."",Documentary,1914"
tt0004178,Joseph and His Coat of Many Colors,Drama,1914
tt0004179,Joseph in the Land of Egypt,Drama,1914
tt0004180,The Judge's Wife,Drama,1914
tt0004181,Judith of Bethulia,Drama,1914
tt0004182,The Jungle,Drama,1914
tt0004184,The Kangaroo,Drama,1914
tt0004185,Kate,Drama,1914
tt0004188,The Key to Yesterday,Drama,1914
tt0004192,The King of the Bowery,Drama,1914
tt0004199,The Borrowed Babies,Comedy,1915
tt0004201,The Ladies' War,Comedy,1914
tt0004205,The Land of the Lost,Drama,1914
"tt0004207,The Last Egyptian,""Adventure,Drama,Romance"",1914"
"tt0004208,The Last Volunteer,""Drama,War"",1914"
tt0004214,Lena Rivers,Drama,1914;
tt0004215,Lena Rivers,Drama,1914;
"tt0004221,Life in a Western Penitentiary,""Documentary,Western"",1914";
"tt0004222,""The Life of Big Tim Sullivan";" Or, from Newsboy to Senator"",Drama,1914"
"tt0004223,The Life of General Villa,""Action,Adventure,Biography"",1914";
tt0004224,Life's Shop Window,Drama,1914;
tt0004225,The Light Unseen,Drama,1914;
tt0004226,The Lightning Conductor,Comedy,1914;
tt0004230,The Line-Up at Police Headquarters,Drama,1914;
tt0004231,Linito quiere ser torero,Comedy,1914;
tt0004232,The Lion and the Mouse,Drama,1914;
tt0004234,The Little Angel of Canyon Creek,Western,1914;
tt0004236,The Little Gray Lady,Drama,1914;
tt0004237,The Little Jewess,Drama,1914;
tt0004238,Little Lord Fauntleroy,Drama,1914;
tt0004244,The Littlest Rebel,Drama,1914;
tt0004249,Lola,Drama,1914
tt0004253,The Long Arm of the Law,Adventure,1914
tt0004256,The Loss of the Birkenhead,Drama,1914
tt0004257,The Lost Paradise,Drama,1914
tt0004267,Love Never Dies,Drama,1916
tt0004272,Lucille Love: The Girl of Mystery,Action,1914
tt0004275,The Lure,Drama,1914
tt0004291,The Man Who Could Not Lose,Drama,1914
tt0004292,The Man Who Disappeared,Thriller,1914
tt0004294,The Man from Home,Drama,1914
tt0004295,The Man from Mexico,Comedy,1914
tt0004299,The Man o' War's Man,Drama,1914
tt0004301,Man of the Hour,Drama,1914
"tt0004302,The Man on the Box,""Comedy,Drama"",1914"
"tt0004303,Manon Lescaut,""Drama,Romance"",1914"
tt0004304,The Marked Woman,Drama,1914
tt0004306,Marta of the Lowlands,Drama,1914
tt0004307,Martin Eden,Drama,1914
"tt0004312,The Master Cracksman,""Crime,Drama"",1914"
"tt0004313,The Master Key,""Action,Adventure,Drama"",1914"
"tt0004314,The Master Mind,""Crime,Drama"",1914"
tt0004319,McVeagh of the South Seas,Drama,1914
"tt0004321,Memories,""Drama,Romance"",1914"
tt0004325,The Merchant of Venice,Drama,1914
tt0004328,Michael Strogoff,Drama,1914
"tt0004335,A Million Bid,""Drama,Romance"",1914"
"tt0004336,The Million Dollar Mystery,""Adventure,Mystery"",1914"
tt0004337,The Million Dollar Robbery,Drama,1914
"tt0004338,The Million,""Comedy,Drama"",1914"
tt0004349,The Money God,Drama,1914
tt0004350,The Money Lender,Drama,1914
tt0004351,The Monster and the Girl,Drama,1914
tt0004356,Mother Love,Drama,1914
tt0004357,A Mother's Heart,Drama,1914
tt0004362,Mr. Barnes of New York,Drama,1914
tt0004363,Mrs. Black Is Back,Comedy,1914
tt0004365,Mrs. Wiggs of the Cabbage Patch,Drama,1914
tt0004366,Los muertos hablan,Drama,1915
"tt0004368,The Murdoch Trial,""Crime,Drama"",1914"
tt0004369,My Official Wife,Drama,1914
tt0004371,The Mysterious Man of the Jungle,Adventure,1914
tt0004373,The Mysterious Mr. Wu Chung Foo,Drama,1914
tt0004376,The Mystery of Edwin Drood,Mystery,1914
tt0004377,Das Geheimnis von Chateau Richmond,Mystery,1913
"tt0004378,The Mystery of the Diamond Belt,""Crime,Drama"",1914"
tt0004381,The Mystery of the Poison Pool,Adventure,1914
tt0004384,The Naked Truth,Drama,1914
tt0004385,Native Life in the Philippines,Documentary,1914
"tt0004387,Down with Weapons,""Drama,War"",1914"
tt0004389,Nell of the Circus,Drama,1914
tt0004390,Mute Witnesses,Drama,1914
tt0004391,Neptune's Daughter,Fantasy,1914
tt0004398,The Next in Command,Adventure,1914
tt0004403,The Nightingale,Drama,1914
tt0004409,Northern Lights,Drama,1914
tt0004415,An Odyssey of the North,Adventure,1914
tt0004416,Officer 666,Comedy,1914
tt0004428,On the Belgian Battlefield,Documentary,1914
tt0004431,One Wonderful Night,Drama,1914
"tt0004432,One of Millions,""Drama,War"",1914"
tt0004433,One of Our Girls,Drama,1914
tt0004434,The Only Son,Drama,1914
tt0004435,The Opened Shutters,Drama,1914
tt0004437,The Ordeal,War,1914
"tt0004438,Othello,""Drama,Romance"",1914";
"tt0004447,Over Niagara Falls,""Crime,Drama"",1914";
tt0004449,Pagan Rome,Documentary,1914;
"tt0004450,Die Pagode,""Action,Crime,Drama"",1917";
tt0004451,Paid in Full,Drama,1914;
tt0004452,The Painted World,Drama,1914;
"tt0004453,""Palestine, the Jewish Return from Exile";" Or, Life in the Holy Land"",Documentary,1914"
"tt0004457,The Patchwork Girl of Oz,""Adventure,Comedy,Family"",1914";
tt0004458,The Path Forbidden,Drama,1914;
tt0004459,The Pawn of Fortune,Drama,1914;
"tt0004465,The Perils of Pauline,""Action,Adventure,Drama"",1914";
tt0004469,Pieces of Silver: A Story of Hearts and Souls,Drama,1914;
tt0004470,Pierre of the Plains,Drama,1914;
tt0004473,The Pit,Drama,1914;
tt0004476,The Poison Needle,Drama,1914;
tt0004483,The Port of Missing Men,Drama,1914;
"tt0004490,""Price of Treachery";" Or, The Lighthouse Keeper's Daughter"",Drama,1914"
tt0004493,The Pride of Jennico,Drama,1914;
tt0004495,Prince Edward Island in Motion; Home of the Silver Black Fox Industry,Documentary,1914
tt0004496,A Prince of India,Drama,1914;
tt0004500,Protect Us,Drama,1914;
tt0004502,Saints and Sorrows,Drama,1914;
tt0004504,The Pursuit of the Phantom,Drama,1914;
"tt0004509,The Ragged Earl,""Comedy,Drama"",1914";
tt0004510,Rainey's African Hunt,Documentary,1914;
"tt0004514,Ready Money,""Comedy,Drama"",1914";
tt0004519,The Red Flame of Passion,Drama,1914;
"tt0004525,The Reign of Terror,""Drama,History"",1914";
tt0004528,Rescue of the Stefansson Arctic Expedition,Documentary,1914;
"tt0004532,Richelieu,""Drama,History,Romance"",1914";
tt0004535,The Ring and the Man,Drama,1914;
"tt0004537,Rip Van Winkle,""Drama,Fantasy"",1914";
tt0004542,A Romance of the Mexican Revolution,Drama,1914
"tt0004544,Rose of the Alley,""Crime,Drama"",1916"
"tt0004545,Rose of the Rancho,""Action,Adventure,Romance"",1914"
tt0004548,The Royal Box,Drama,1914
tt0004555,Salomy Jane,Western,1914
tt0004558,Samson,Drama,1914
tt0004563,The Scales of Justice,Drama,1914
tt0004565,The School for Scandal,Comedy,1914
tt0004567,The Seats of the Mighty,Drama,1914
tt0004570,The Secret of the Mountain,Drama,1915
tt0004573,Ein seltsamer Fall,Horror,1914
"tt0004581,Shannon of the Sixth,""Drama,War"",1914"
tt0004586,Shore Acres,Drama,1914
tt0004591,Should a Woman Divorce?,Drama,1914
tt0004593,The Sign of the Cross,Drama,1914
tt0004598,Sins of the Parents,Drama,1914
"tt0004606,Smashing the Vice Trust,""Crime,Drama"",1914"
tt0004613,Soldiers of Fortune,Drama,1914
tt0004622,The Span of Life,Drama,1914
tt0004626,The Spirit of the Conqueror,Drama,1914
tt0004627,The Spirit of the Poppy,Drama,1914
"tt0004628,The Spitfire,""Comedy,Drama"",1914"
"tt0004630,The Spoilers,""Drama,Western"",1914"
tt0004631,Sport and Travel in Central Africa,Documentary,1914
tt0004632,Springtime,Drama,1914
"tt0004633,The Spy,""Drama,War"",1914"
"tt0004635,The Squaw Man,""Action,Drama,Romance"",1914"
tt0004636,St. Elmo,Drama,1914
tt0004639,Stormfågeln,Drama,1914
"tt0004642,The Straight Road,""Drama,Romance"",1914"
"tt0004643,The Strange Story of Sylvia Gray,""Drama,Mystery,Romance"",1914"
"tt0004647,Stuart Webbs: Das Panzergewölbe,""Action,Crime"",1914"
tt0004649,Trapped by the Camera,Mystery,1914
"tt0004651,A Study in Scarlet,""Drama,Mystery"",1914"
"tt0004654,Such a Little Queen,""Comedy,Drama,Romance"",1914"
tt0004656,The Suicide Club,Drama,1914
tt0004660,A Suspicious Wife,Drama,1914
tt0004665,The Taint,Drama,1914
"tt0004668,The Tangle,""Drama,War"",1914"
tt0004681,Tess of the Storm Country,Drama,1914
tt0004684,Thais,Drama,1914
tt0004688,The Thief,Drama,1914
tt0004690,Thirty Leagues Under the Sea,Documentary,1914
tt0004695,Threads of Destiny,Drama,1914
tt0004696,The Three Musketeers,Drama,1914
tt0004698,Three Weeks,Drama,1914
tt0004699,The Three of Us,Drama,1914
tt0004700,Through Dante's Flames,Drama,1914
tt0004701,Through Fire to Fortune,Drama,1914
tt0004706,The Tigress,Drama,1914
tt0004707,Tillie's Punctured Romance,Comedy,1914
tt0004710,The Toll of Love,Drama,1914
tt0004711,The Toll of Mammon,Drama,1914
tt0004712,The Undesirable,Drama,1915
tt0004714,Too Late,Drama,1914
tt0004723,The Trail of the Lonesome Pine,Drama,1914
tt0004725,Trapped in the Great Metropolis,Drama,1914
tt0004727,The Trey o' Hearts,Adventure,1914
tt0004728,Trilby,Drama,1914
tt0004733,Il trovatore,Drama,1914
tt0004734,The Truth Wagon,Drama,1914
tt0004740,The Typhoon,Drama,1914
tt0004743,Uncle Tom's Cabin,Drama,1914
tt0004748,Under the Black Robe,Drama,1914
tt0004749,Under the Gaslight,Drama,1914;
tt0004754,The Unwelcome Mrs. Hatch,Drama,1914;
"tt0004755,Uriel Acosta,""Biography,Drama,History"",1914";
tt0004757,The Valley of the Moon,Drama,1914;
tt0004761,Vendetta,Drama,1914;
tt0004765,The Virgin of the Rocks,Drama,1914;
tt0004766,The Virginian,Western,1914;
tt0004769,The Voice at the Telephone,Drama,1914;
tt0004772,The Volunteer Parson,Drama,1914;
tt0004776,The Walls of Jericho,Drama,1914;
"tt0004777,The War Extra,""Drama,History,War"",1914";
"tt0004778,""The War of Wars";" Or, The Franco-German Invasion"",War,1914"
tt0004779,The War of the World,Documentary,1914;
tt0004789,What Is to Be Done?,Drama,1914;
"tt0004792,What's His Name,""Comedy,Drama"",1914";
"tt0004794,When Broadway Was a Trail,""Drama,History"",1914";
tt0004797,When Fate Leads Trump,Drama,1914;
tt0004798,When Rome Ruled,Drama,1914;
tt0004803,Where the Trail Divides,Western,1914;
"tt0004816,Wildflower,""Drama,Romance"",1914";
tt0004819,The Win(k)some Widow,Comedy,1914;
tt0004824,Winning His First Case,Drama,1914;
"tt0004825,The Wishing Ring: An Idyll of Old England,""Comedy,Drama"",1914";
tt0004827,With Serb and Austrian,Drama,1914;
tt0004828,Without Hope,Comedy,1914;
tt0004829,The Wolf,Drama,1914;
"tt0004830,""Wolfe";" Or, The Conquest of Quebec"",""Drama,History"",1914"
tt0004831,A Woman Who Did,Drama,1914;
tt0004833,The Woman of Mystery,Mystery,1914;
tt0004834,A Woman's Triumph,Drama,1914;
"tt0004837,""The World, the Flesh and the Devil"",""Crime,Drama"",1914";
"tt0004838,The Wrath of the Gods,""Drama,Romance"",1914";
tt0004840,The Yellow Traffic,Drama,1914
tt0004842,Your Girl and Mine: A Woman Suffrage Play,Drama,1914
tt0004845,Zona olivarera,Documentary,1914
"tt0004846,Zudora,""Adventure,Mystery"",1914"
tt0004851,'Twas Ever Thus,Drama,1915
"tt0004853,1915 World's Championship Series,""Documentary,Sport"",1915"
"tt0004854,The Absentee,""Drama,Romance"",1915"
tt0004859,The Adventures of a Boy Scout,Drama,1915
"tt0004860,The Adventures of a Madcap,""Comedy,Drama"",1915"
tt0004861,An Affair of Three Nations,Mystery,1915
"tt0004865,After Dark,""Crime,Drama"",1915"
"tt0004866,After Five,""Comedy,Thriller"",1915"
"tt0004872,Alias Jimmy Valentine,""Crime,Drama"",1915"
"tt0004873,Alice in Wonderland,""Adventure,Family,Fantasy"",1915"
tt0004874,The Alien,Drama,1915
tt0004883,Aloha Oe,Drama,1915
tt0004884,The Alster Case,Mystery,1915
tt0004885,Always in the Way,Drama,1915
tt0004890,American Game Trails,Documentary,1915
tt0004891,An American Gentleman,Adventure,1915
"tt0004897,Anna Karenina,""Drama,Romance"",1915"
tt0004899,Anselo Lee,Drama,1915
tt0004901,The Greater Will,Drama,1915
tt0004902,The Apaches of Paris,Drama,1915
"tt0004905,The Arab,""Adventure,Drama"",1915"
tt0004906,Are They Born or Made?,Drama,1915
tt0004907,Are You a Mason?,Comedy,1915
tt0004909,Armstrong's Wife,Drama,1915
tt0004911,The Arrival of Perpetua,Comedy,1915
tt0004915,As Ye Repent,Drama,1915
tt0004917,The Ashes of Revenge,Drama,1915
tt0004919,At Bay,Drama,1915
tt0004921,At the Torrent's Mercy,Drama,1915
tt0004925,Aurora Leigh,Drama,1915
tt0004926,Authentic European War,Documentary,1915
tt0004928,The Avalanche,Drama,1915
"tt0004933,The Bachelor's Romance,""Comedy,Drama,Romance"",1915"
tt0004937,Barbara Frietchie,Drama,1915
tt0004938,Barnaby Rudge,Drama,1915
"tt0004939,The Barnstormers,""Comedy,Drama"",1915"
tt0004942,The Battle Cry of Peace,Drama,1915
tt0004943,The Battle and Fall of Przemysl,Documentary,1915
tt0004945,The Battle of Ballots,Drama,1915
tt0004947,The Battles of a Nation,Documentary,1915
tt0004950,The Beachcomber,Drama,1915
tt0004954,Beby y su circo,Comedy,1915
tt0004956,Bella Donna,Drama,1915
tt0004957,The Beloved Vagabond,Drama,1915
tt0004960,The Better Woman,Drama,1915
"tt0004961,Betty in Search of a Thrill,""Adventure,Comedy,Drama"",1915"
tt0004962,Between Men,Drama,1915
tt0004963,Beulah,Drama,1915
tt0004965,The Bigger Man,Drama,1915
"tt0004967,The Billionaire Lord,""Comedy,Drama"",1915"
"tt0004972,The Birth of a Nation,""Drama,History,War"",1915"
tt0004973,The Birthmark,Drama,1915
"tt0004974,The Black Box,""Drama,Sci-Fi"",1915"
tt0004975,Black Fear,Drama,1915
tt0004976,The Black Heart,Drama,1915
tt0004977,A Black Sheep,Comedy,1915
tt0004978,Blackbirds,Drama,1915
tt0004979,Blind Man's Bluff,Comedy,1915
tt0004980,Blindness of Devotion,Drama,1915
tt0004981,The Blindness of Virtue,Drama,1915
tt0004982,The Bludgeon,Drama,1915
tt0004983,Blue Grass,Drama,1915
tt0004988,Body and Soul,Drama,1915
tt0004990,Bondwomen,Drama,1915
tt0004992,The Boss,Drama,1915
tt0004993,Bought,Drama,1915
tt0004994,Bound on the Wheel,Drama,1915
"tt0004996,A Branded Soul,""Drama,Romance"",1917"
tt0005001,The Bridge of Sighs,Drama,1915
tt0005002,The Brink,Drama,1915
tt0005003,Britain Prepared,War,1915
"tt0005005,The Broken Coin,""Adventure,Mystery"",1915"
tt0005006,The Broken Law,Drama,1915
tt0005032,Buckshot John,Western,1915
tt0005034,The Builder of Bridges,Drama,1915
tt0005035,The Bulldogs of the Trail,Drama,1915
tt0005036,A Bunch of Keys,Comedy,1915
tt0005039,Business Is Business,Drama,1915
tt0005041,A Butterfly on the Wheel,Drama,1915
tt0005042,The Butterfly,Drama,1915
tt0005043,The Buzzard's Shadow,Drama,1915
tt0005048,The Call of the Dance,Drama,1915
tt0005049,Camille,Drama,1915
tt0005054,Cap'n Eri,Drama,1915
tt0005055,The Caprices of Kitty,Comedy,1915
"tt0005056,Captain Courtesy,""Action,Drama,History"",1915"
"tt0005058,Captivating Mary Carstairs,""Comedy,Romance"",1915"
"tt0005059,The Captive,""Drama,Romance,War"",1915"
tt0005060,Carmen,Drama,1915
tt0005061,Carmen,Drama,1915
tt0005062,The Carpet from Bagdad,Adventure,1915
tt0005063,The Case of Becky,Drama,1915
tt0005066,The Castle of Thornfield,Drama,1915
tt0005070,The Cave Man,Comedy,1915
tt0005071,The Celebrated Scandal,Drama,1915
"tt0005073,The Chalice of Courage,""Action,Drama,Romance"",1915"
tt0005075,Charity Ann,Drama,1915
tt0005076,Charley's Aunt,Comedy,1925
"tt0005078,The Cheat,""Drama,Romance"",1915"
tt0005081,A Child of God,Drama,1915
tt0005082,A Child of the Prairie,Western,1915
tt0005084,Children of Eve,Drama,1915
tt0005085,Children of the Ghetto,Drama,1915
"tt0005087,Chimmie Fadden Out West,""Comedy,Western"",1915"
tt0005089,China,Documentary,1915
"tt0005091,The Chocolate Soldier,""Comedy,Drama"",1914"
"tt0005092,The Chorus Lady,""Comedy,Drama,Romance"",1915"
tt0005095,The Circular Staircase,Mystery,1915
tt0005098,Clarita y Peladilla en el Football,Comedy,1916
tt0005099,Clarita y Peladilla van a los toros,Comedy,1915
"tt0005100,The Clemenceau Case,""Crime,Drama,Romance"",1915"
tt0005101,The Climbers,Drama,1915
"tt0005102,The Closing Net,""Crime,Drama"",1915"
tt0005103,The Clue,Drama,1915
tt0005104,Cohen's Luck,Comedy,1915
"tt0005105,The College Orphan,""Comedy,Drama"",1915"
"tt0005106,The College Widow,""Comedy,Drama"",1915"
"tt0005107,Colonel Carter of Cartersville,""Drama,History"",1915"
"tt0005123,Colorado,""Drama,Western"",1915"
tt0005126,The Commanding Officer,Drama,1915
tt0005127,The Commuters,Comedy,1915
tt0005128,Comrade John,Drama,1915
tt0005129,The Concealed Truth,Drama,1915
"tt0005131,A Continental Girl,""Drama,War"",1915"
tt0005134,The Coquette,Drama,1915
tt0005135,Cora,Drama,1915
tt0005136,Coral,Drama,1915
tt0005137,Corrida de Touros no Campo Pequeno com Três Colhidas,Documentary,1915
tt0005140,The Cotton King,Drama,1915
tt0005142,Count DeBesa's Mexican Pictures,Documentary,1915
"tt0005143,The Country Boy,""Comedy,Drama"",1915"
tt0005148,Courtmartialed,Drama,1915
"tt0005149,The Coward,""Drama,History,War"",1915"
tt0005150,The Cowardly Way,Drama,1915
tt0005151,The Cowboy and the Lady,Western,1915
tt0005153,The Cowpuncher,Western,1915
tt0005158,The Crimson Wing,War,1915
tt0005159,Crooky,Comedy,1915
tt0005160,Cross Currents,Drama,1915
tt0005162,The Crown Prince's Double,Drama,1915
"tt0005163,The Cub,""Comedy,Drama"",1915"
tt0005166,The Cup of Life,Drama,1915
tt0005167,The Curious Conduct of Judge Legarde,Drama,1915
tt0005169,Dolken,Drama,1915
tt0005170,The Dancing Girl,Drama,1915
tt0005171,The Danger Signal,Drama,1915
tt0005172,The Darkening Trail,Drama,1915
tt0005174,A Daughter of the City,Drama,1915
tt0005176,The Daughter of the People,Drama,1915
tt0005177,A Daughter of the Sea,Drama,1915
"tt0005179,David Harum,""Comedy,Drama,Romance"",1915"
tt0005180,The Dawn of a Tomorrow,Drama,1915
tt0005183,De cuarenta para arriba,Comedy,1918
tt0005184,The Deathlock,Drama,1915
tt0005185,The Deep Purple,Drama,1915
"tt0005187,The Despoiler,""Drama,War"",1915"
"tt0005188,""Destiny: Or, The Soul of a Woman"",Drama,1915"
tt0005189,The Destroying Angel,Drama,1915
"tt0005190,Destruction,""Drama,Romance"",1915"
tt0005192,The Devil's Daughter,Drama,1915
tt0005193,The Devil,Drama,1915
tt0005194,The Diamond Robbery,Drama,1915
tt0005195,The Diamond from the Sky,Adventure,1915
"tt0005196,The Dictator,""Adventure,Romance"",1915"
tt0005200,The Disciple,Western,1915
tt0005202,Divorced,Drama,1915
tt0005208,Don Caesar de Bazan,Adventure,1915
tt0005209,Don Quixote,Drama,1915
tt0005210,Donde las dan las toman,Comedy,1916
"tt0005214,Double Trouble,""Comedy,Romance"",1915"
tt0005216,Dr. Rameau,Drama,1915
"tt0005229,DuBarry,""Drama,History"",1915"
"tt0005231,The Hound of the Baskervilles,""Crime,Horror,Mystery"",1915"
tt0005233,The Eagle's Nest,Western,1915
tt0005234,The Earl of Pawtucket,Comedy,1915
tt0005237,The Edge of the Abyss,Drama,1915
tt0005243,Emmy of Stork's Nest,Drama,1915
"tt0005244,The End of the Road,""Drama,Romance"",1915"
tt0005245,An Enemy to Society,Drama,1915
tt0005248,Environment,Western,1915
tt0005250,The Eternal City,Drama,1915
tt0005252,Eugene Aram,Drama,1915
tt0005253,European War Pictures,Documentary,1915
tt0005254,The Evangelist,Drama,1916
tt0005256,Evidence,Drama,1915
tt0005257,Excuse Me,Comedy,1915
tt0005259,The Exposition's First Romance,Drama,1915
tt0005260,An Eye for an Eye,Drama,1915
"tt0005295,The Face in the Moonlight,""Drama,History"",1915"
tt0005297,The Failure,Drama,1915
tt0005298,The Fairy and the Waif,Drama,1915
tt0005300,The Family Cupboard,Drama,1915
tt0005301,The Family Stain,Mystery,1915
"tt0005302,""Fanchon, the Cricket"",Drama,1915"
tt0005305,The Fatal Card,Drama,1915
"tt0005307,Father and the Boys,""Comedy,Drama"",1915"
tt0005308,Fatherhood,Western,1915
tt0005321,The Fifth Commandment,Drama,1915
tt0005322,The Fight,Drama,1915
tt0005323,The Fighting Hope,Drama,1915
tt0005326,The Final Judgment,Drama,1915
tt0005327,Fine Feathers,Drama,1915
tt0005328,The Fixer,Comedy,1915
tt0005329,Flame of Passion,Drama,1915
tt0005330,The Flaming Sword,Drama,1915
tt0005331,The Flash of an Emerald,Drama,1915
"tt0005334,Florence Nightingale,""Biography,Drama"",1915"
tt0005335,The Flying Twins,Drama,1915
tt0005338,A Pardoned Lifer,Western,1915
tt0005339,A Fool There Was,Drama,1915
tt0005340,The Fool and the Dancer,Drama,1915
tt0005341,The Footsteps of Capt. Kidd,Documentary,1915
"tt0005343,""For $5,000 a Year"",Drama,1915"
tt0005348,Forbidden Fruit,Drama,1915
tt0005352,The Foundling,Drama,1915
tt0005353,Four Feathers,Drama,1915
tt0005355,The Fox Woman,Drama,1915
tt0005356,The Frame-Up,Drama,1915
"tt0005358,Friends and Foes,""Documentary,War"",1915"
tt0005362,From Shopgirl to Duchess,Drama,1915
"tt0005363,From the Valley of the Missing,""Adventure,Crime,Drama"",1915"
tt0005367,The Galley Slave,Drama,1915
"tt0005368,The Galloper,""Adventure,Comedy"",1915"
tt0005369,The Gambler of the West,Western,1915
tt0005370,Gambier's Advocate,Drama,1915
"tt0005372,Gambling Inside and Out,""Biography,Drama"",1915"
tt0005374,Garden of Lies,Drama,1915
tt0005375,Garrotazo y tentetieso,Comedy,1916
"tt0005377,The Gentleman from Indiana,""Adventure,Drama,Romance"",1915"
tt0005378,A Gentleman of Leisure,Comedy,1915
"tt0005379,The German Side of the War,""Documentary,War"",1915"
tt0005381,Ghosts,Drama,1915
"tt0005384,A Gilded Fool,""Comedy,Drama"",1915"
"tt0005386,The Girl Detective,""Mystery,Thriller"",1915"
tt0005387,The Girl I Left Behind Me,Western,1915
tt0005389,The Girl and the Game,Action,1916
tt0005391,The Girl from His Town,Drama,1915
tt0005392,A Girl of Yesterday,Comedy,1915
"tt0005393,The Girl of the Golden West,""Romance,Western"",1915"
tt0005396,Gladiola,Drama,1915
tt0005398,The Glory of Youth,Drama,1915
tt0005399,God's Witness,Drama,1915
"tt0005400,The Goddess,""Drama,Romance"",1915"
tt0005402,The Golden Chance,Drama,1915
tt0005403,The Golden Claw,Drama,1915
tt0005405,The Goose Girl,Romance,1915
tt0005406,The Governor's Boss,Drama,1915
tt0005407,The Governor's Lady,Drama,1915
tt0005408,Graft,Drama,1915
tt0005409,The Grandee's Ring,Drama,1915
tt0005410,Los grandes riegos de Aragón,Documentary,1915
tt0005411,Graustark,Adventure,1915
"tt0005412,The Gray Mask,""Crime,Drama"",1915"
"tt0005413,The Gray Nun of Belgium,""Drama,War"",1915"
tt0005415,The Great Adventure,Comedy,1916
tt0005416,The Great Divide,Western,1915
tt0005418,The Great Ruby,Drama,1915
tt0005423,Greater Love Hath No Man,Drama,1915
tt0005426,The Green Cloak,Mystery,1915
"tt0005427,Gretna Green,""Comedy,Romance"",1915"
tt0005432,Guarding Old Glory,Documentary,1915
"tt0005447,""Hear Ye, Israel"",Drama,1915"
tt0005448,The Heart of Jennifer,Drama,1915
"tt0005449,The Heart of Maryland,""Drama,History,War"",1915"
tt0005451,The Heart of a Painted Woman,Drama,1915
tt0005452,The Heart of the Blue Ridge,Drama,1915
tt0005454,Heart's Desire,Drama,1917
tt0005455,Heartaches,Drama,1915
tt0005457,Hearts Aflame,Drama,1915
"tt0005459,Hearts and the Highway,""Drama,History"",1915"
"tt0005460,Hearts in Exile,""Drama,History,Romance"",1915"
tt0005461,Hearts of Men,Drama,1915
tt0005463,The Heights of Hazard,Drama,1915
"tt0005464,Helene of the North,""Drama,Romance"",1915"
tt0005465,Help Wanted,Drama,1915
tt0005466,Her Atonement,Western,1915
tt0005470,Her Great Match,Drama,1915
tt0005472,Her Mother's Secret,Drama,1915
tt0005473,Her Nameless Child,Drama,1915
tt0005474,Her Own Way,Drama,1915
tt0005476,Her Reckoning,Drama,1915
"tt0005477,Her Shattered Idol,""Comedy,Drama"",1915"
tt0005483,The High Hand,Drama,1915
tt0005492,His Turning Point,Drama,1915
tt0005493,His Wife,Drama,1915
tt0005495,History of the Great European War,Documentary,1915
tt0005496,The History of the World's Greatest War,Documentary,1915
"tt0005504,Home,""Drama,Romance"",1915"
tt0005509,Honeymoon for Three,Comedy,1915
"tt0005513,""Der Hund von Baskerville, 3. Teil - Das unheimliche Zimmer"",""Crime,Horror,Mystery"",1916"
"tt0005514,""Der Hund von Baskerville, 4. Teil"",""Crime,Horror,Mystery"",1916"
tt0005515,The House of Fear,Mystery,1915
tt0005516,The House of Tears,Drama,1915
"tt0005517,The House of a Thousand Candles,""Drama,Mystery"",1915"
"tt0005518,The House of a Thousand Scandals,""Drama,Romance"",1915"
tt0005519,The House of the Lost Court,Drama,1915
"tt0005522,How Molly Malone Made Good,""Adventure,Comedy"",1915"
tt0005525,The Hungarian Nabob,Drama,1915
"tt0005529,Blind Justice,""Crime,Drama,Horror"",1916"
"tt0005533,I'm Glad My Boy Grew Up to Be a Soldier,""Drama,War"",1915"
tt0005535,The Immigrant,Drama,1915
tt0005537,The Impostor,Drama,1915
tt0005539,In the Amazon Jungles with the Captain Besley Expedition,Documentary,1915
"tt0005541,In the Palace of the King,""Drama,History"",1915"
tt0005543,In the Shadow,Drama,1915
tt0005548,Infatuation,Drama,1915
tt0005551,Inspiration,Drama,1915
"tt0005553,The Iron Strain,""Action,Adventure,Romance"",1915"
tt0005554,The Island of Regeneration,Drama,1915
"tt0005556,It's No Laughing Matter,""Comedy,Drama"",1915"
tt0005557,The Italian,Drama,1915
tt0005558,The Ivory Snuff Box,Mystery,1915
tt0005559,Jack Chanty,Drama,1915
tt0005561,Jane,Comedy,1915
"tt0005562,The Eternal Strife,""Biography,Drama,History"",1915"
tt0005565,Japan,Documentary,1915
tt0005566,Jeanne Doré,Drama,1915;
tt0005568,Jewel,Drama,1915;
tt0005569,The Jewish Crown,Drama,1915;
"tt0005570,Jim the Penman,""Crime,Drama"",1915";
tt0005572,John Glayde's Honor,Drama,1915;
tt0005573,Jordan Is a Hard Road,Drama,1915;
tt0005575,Judge Not; or The Woman of Mona Diggings,Drama,1915
tt0005578,Judy Forgot,Comedy,1915;
tt0005579,The Juggernaut,Drama,1915;
tt0005580,June Friday,Drama,1915;
tt0005581,Just Jim,Drama,1915;
tt0005583,Just Out of College,Comedy,1915;
tt0005585,Keep Moving,Comedy,1915;
"tt0005588,Kilmeny,""Comedy,Drama"",1915";
"tt0005589,Kindling,""Crime,Drama"",1915";
tt0005591,Koningin Elisabeth's dochter,Drama,1915;
"tt0005592,Kreutzer Sonata,""Drama,Romance"",1915"
tt0005594,Lady Audley's Secret,Drama,1915
tt0005596,Lady Mackenzie's Big Game Pictures,Documentary,1915
"tt0005600,The Lamb,""Adventure,Comedy,Western"",1915"
tt0005603,Langdon's Legacy,Drama,1916
"tt0005604,The Last Chapter,""Adventure,Romance"",1914"
tt0005605,The Last Concert,Drama,1915
tt0005607,The Last of the Mafia,Drama,1915
tt0005613,Let Katie Do It,Drama,1916
"tt0005615,Life Without Soul,""Drama,Horror,Sci-Fi"",1915"
tt0005617,Life of American Indian,Documentary,1915
"tt0005618,Life of Sam Davis: A Confederate Hero of the Sixties,""Drama,History"",1915"
tt0005620,The Light That Failed,Drama,1916
tt0005621,The Lily and the Rose,Drama,1915
tt0005623,The Lily of Poverty Flat,Western,1915
tt0005624,A Little Brother of the Rich,Drama,1915
tt0005626,The Little Dutch Girl,Drama,1915
tt0005628,The Little Girl That He Forgot,Drama,1915
tt0005630,The Little Gypsy,Drama,1915
tt0005632,The Little Mademoiselle,Drama,1915
"tt0005633,The Little Minister,""Drama,Romance"",1915"
tt0005636,Little Pal,Drama,1915
tt0005639,Little Sunset,Comedy,1915
"tt0005644,The Lone Star Rush,""Adventure,Drama"",1915"
tt0005645,The Lonesome Heart,Drama,1915
tt0005648,The Long Chance,Western,1915
tt0005649,Lord John in New York,Mystery,1915
"tt0005653,The Love Route,""Romance,Western"",1915"
tt0005657,Love in a Wood,Comedy,1915
"tt0005658,Love's Pilgrimage to America,""Comedy,Drama"",1916"
tt0005665,The Lure of Alaska,Documentary,1915
tt0005666,The Lure of Woman,Western,1915
"tt0005667,The Lure of the Mask,""Adventure,Drama,Romance"",1915"
tt0005668,The Luring Lights,Drama,1915
tt0005669,Lydia Gilmore,Drama,1915
tt0005671,M'Liss,Western,1915
tt0005680,Marvelous Maciste,Adventure,1915
tt0005682,Madame Butterfly,Drama,1915
tt0005683,Madame de Thèbes,Drama,1915
"tt0005685,The Magic Skin,""Drama,History"",1915"
tt0005686,The Magic Toy Maker,Drama,1915
tt0005689,The Majesty of the Law,Drama,1915
tt0005690,The Making Over of Geoffrey Manning,Drama,1915
tt0005692,The Man Behind the Door,Comedy,1914
tt0005693,The Man Trail,Drama,1915
tt0005694,The Man Who Beat Dan Dolan,Drama,1915
tt0005695,The Man Who Couldn't Beat God,Drama,1915
"tt0005696,The Man Who Found Himself,""Crime,Drama"",1915"
"tt0005698,The Man Who Stayed at Home,""Crime,Drama"",1915"
tt0005699,The Man Who Vanished,Drama,1915
"tt0005700,A Man and His Mate,""Action,Adventure,Crime"",1915"
tt0005702,The Man from Oregon,Drama,1915
tt0005705,The Man in the Attic,Crime,1915
tt0005707,A Man of His Word,Drama,1915
"tt0005708,The Man of Shame,""Drama,History"",1915"
tt0005710,A Man's Making,Drama,1915
tt0005711,A Man's Prerogative,Drama,1915
tt0005713,The Marble Heart,Drama,1915
tt0005715,The Marriage of Kitty,Comedy,1915
tt0005716,Marrying Money,Comedy,1915
tt0005717,Marse Covington,Drama,1915
"tt0005719,Martyrs of the Alamo,""Drama,History,War"",1915"
tt0005721,Mary's Lamb,Comedy,1915
tt0005722,The Masqueraders,Drama,1915
tt0005725,The Master of the House,Drama,1915
tt0005728,The Mating,Drama,1915
tt0005732,May Blossom,Drama,1915
tt0005733,Life's Whirlpool,Drama,1916
tt0005736,The Melting Pot,Drama,1915
tt0005738,The Menace of the Mute,Mystery,1915
"tt0005739,The Middleman,""Adventure,Crime,Drama"",1915"
tt0005740,Midnight at Maxim's,Comedy,1915
tt0005743,Mignon,Drama,1915
tt0005744,Milestones of Life,Drama,1915
tt0005745,The Mill on the Floss,Drama,1915
"tt0005746,The Millionaire Baby,""Adventure,Drama,Mystery"",1915"
"tt0005750,The Miracle of Life,""Drama,Fantasy"",1915"
"tt0005752,The Misleading Lady,""Comedy,Drama"",1916"
tt0005754,The Missing Links,Mystery,1916
"tt0005756,Mistress Nell,""Drama,History"",1915"
tt0005760,The Model,Drama,1915
tt0005761,A Modern Magdalen,Drama,1915
tt0005764,The Money Master,Drama,1915
tt0005767,Monsieur Lecoq,Mystery,1915
tt0005769,The Moonstone,Mystery,1915
"tt0005770,The Morals of Marcus,""Comedy,Drama"",1915"
"tt0005772,Mortmain,""Drama,Horror"",1915"
